Year,Entity.x,Code.x,Share.surviving.first.5.years.of.life....,dying,country,Code.y,cmr
1940,World,OWID_WRL,76.1,23.9,Australia,AUS,5.04807184
1960,World,OWID_WRL,81.5,18.5,Pakistan,PAK,26.19
1960,World,OWID_WRL,81.5,18.5,India,IND,24.77
1960,World,OWID_WRL,81.5,18.5,Sri Lanka,LKA,10.11
1960,World,OWID_WRL,81.5,18.5,Bangladesh,BGD,26.43
1960,World,OWID_WRL,81.5,18.5,Russia,RUS,5.57888544
1960,World,OWID_WRL,81.5,18.5,Australia,AUS,2.49
1960,World,OWID_WRL,81.5,18.5,Afghanistan,AFG,35.95
1961,World,OWID_WRL,81.96,18.04,Russia,RUS,4.950480648
1961,World,OWID_WRL,81.96,18.04,Bangladesh,BGD,25.75
1961,World,OWID_WRL,81.96,18.04,Australia,AUS,2.43
1961,World,OWID_WRL,81.96,18.04,India,IND,24.37
1961,World,OWID_WRL,81.96,18.04,Sri Lanka,LKA,9.66
1961,World,OWID_WRL,81.96,18.04,Pakistan,PAK,25.16
1961,World,OWID_WRL,81.96,18.04,Afghanistan,AFG,35.39
1962,World,OWID_WRL,82.29,17.71,Bangladesh,BGD,25.13
1962,World,OWID_WRL,82.29,17.71,Australia,AUS,2.37
1962,World,OWID_WRL,82.29,17.71,Russia,RUS,4.78278708
1962,World,OWID_WRL,82.29,17.71,Pakistan,PAK,24.19
1962,World,OWID_WRL,82.29,17.71,Sri Lanka,LKA,9.23
1962,World,OWID_WRL,82.29,17.71,India,IND,24
1962,World,OWID_WRL,82.29,17.71,Afghanistan,AFG,34.86
1963,World,OWID_WRL,82.59,17.41,Pakistan,PAK,23.27
1963,World,OWID_WRL,82.59,17.41,Bangladesh,BGD,24.56
1963,World,OWID_WRL,82.59,17.41,Sri Lanka,LKA,8.84
1963,World,OWID_WRL,82.59,17.41,Australia,AUS,2.32
1963,World,OWID_WRL,82.59,17.41,Russia,RUS,4.540447128
1963,World,OWID_WRL,82.59,17.41,Afghanistan,AFG,34.39
1963,World,OWID_WRL,82.59,17.41,India,IND,23.63
1964,World,OWID_WRL,82.48,17.52,Afghanistan,AFG,33.87
1964,World,OWID_WRL,82.48,17.52,Bangladesh,BGD,24.04
1964,World,OWID_WRL,82.48,17.52,Pakistan,PAK,22.43
1964,World,OWID_WRL,82.48,17.52,India,IND,23.29
1964,World,OWID_WRL,82.48,17.52,Sri Lanka,LKA,8.49
1964,World,OWID_WRL,82.48,17.52,Russia,RUS,4.1344896
1964,World,OWID_WRL,82.48,17.52,Australia,AUS,2.27
1965,World,OWID_WRL,82.72,17.28,India,IND,22.96
1965,World,OWID_WRL,82.72,17.28,Russia,RUS,3.892670064
1965,World,OWID_WRL,82.72,17.28,Pakistan,PAK,21.67
1965,World,OWID_WRL,82.72,17.28,Afghanistan,AFG,33.35
1965,World,OWID_WRL,82.72,17.28,Bangladesh,BGD,23.6
1965,World,OWID_WRL,82.72,17.28,Australia,AUS,2.24
1965,World,OWID_WRL,82.72,17.28,Sri Lanka,LKA,8.18
1966,World,OWID_WRL,82.88,17.12,India,IND,22.63
1966,World,OWID_WRL,82.88,17.12,Bangladesh,BGD,23.23
1966,World,OWID_WRL,82.88,17.12,Russia,RUS,3.7423473
1966,World,OWID_WRL,82.88,17.12,Pakistan,PAK,20.98
1966,World,OWID_WRL,82.88,17.12,Australia,AUS,2.21
1966,World,OWID_WRL,82.88,17.12,Afghanistan,AFG,32.86
1966,World,OWID_WRL,82.88,17.12,Sri Lanka,LKA,7.89
1967,World,OWID_WRL,83.11,16.89,Bangladesh,BGD,22.94
1967,World,OWID_WRL,83.11,16.89,India,IND,22.31
1967,World,OWID_WRL,83.11,16.89,Australia,AUS,2.2
1967,World,OWID_WRL,83.11,16.89,Russia,RUS,3.69797112
1967,World,OWID_WRL,83.11,16.89,Pakistan,PAK,20.38
1967,World,OWID_WRL,83.11,16.89,Afghanistan,AFG,32.37
1967,World,OWID_WRL,83.11,16.89,Sri Lanka,LKA,7.65
1968,World,OWID_WRL,83.63,16.37,Australia,AUS,2.19
1968,World,OWID_WRL,83.63,16.37,Afghanistan,AFG,31.87
1968,World,OWID_WRL,83.63,16.37,Bangladesh,BGD,22.71
1968,World,OWID_WRL,83.63,16.37,Russia,RUS,3.708009768
1968,World,OWID_WRL,83.63,16.37,Sri Lanka,LKA,7.44
1968,World,OWID_WRL,83.63,16.37,India,IND,21.98
1968,World,OWID_WRL,83.63,16.37,Pakistan,PAK,19.83
1969,World,OWID_WRL,85.02,14.98,Australia,AUS,2.17
1969,World,OWID_WRL,85.02,14.98,Afghanistan,AFG,31.37
1969,World,OWID_WRL,85.02,14.98,India,IND,21.66
1969,World,OWID_WRL,85.02,14.98,Sri Lanka,LKA,7.26
1969,World,OWID_WRL,85.02,14.98,Pakistan,PAK,19.33
1969,World,OWID_WRL,85.02,14.98,China,CHN,11.91
1969,World,OWID_WRL,85.02,14.98,Russia,RUS,3.597719196
1969,World,OWID_WRL,85.02,14.98,Bangladesh,BGD,22.54
1970,World,OWID_WRL,85.51,14.49,Australia,AUS,2.14
1970,World,OWID_WRL,85.51,14.49,Sri Lanka,LKA,7.11
1970,World,OWID_WRL,85.51,14.49,India,IND,21.33
1970,World,OWID_WRL,85.51,14.49,China,CHN,11.33
1970,World,OWID_WRL,85.51,14.49,Russia,RUS,4.42
1970,World,OWID_WRL,85.51,14.49,Pakistan,PAK,18.88
1970,World,OWID_WRL,85.51,14.49,Bangladesh,BGD,22.41
1970,World,OWID_WRL,85.51,14.49,Afghanistan,AFG,30.9
1971,World,OWID_WRL,85.86,14.14,India,IND,20.99
1971,World,OWID_WRL,85.86,14.14,Russia,RUS,4.24
1971,World,OWID_WRL,85.86,14.14,Australia,AUS,2.09
1971,World,OWID_WRL,85.86,14.14,Pakistan,PAK,18.47
1971,World,OWID_WRL,85.86,14.14,Sri Lanka,LKA,6.97
1971,World,OWID_WRL,85.86,14.14,Bangladesh,BGD,22.3
1971,World,OWID_WRL,85.86,14.14,China,CHN,10.77
1971,World,OWID_WRL,85.86,14.14,Afghanistan,AFG,30.41
1972,World,OWID_WRL,86.17,13.83,Russia,RUS,4.07
1972,World,OWID_WRL,86.17,13.83,Pakistan,PAK,18.1
1972,World,OWID_WRL,86.17,13.83,Sri Lanka,LKA,6.85
1972,World,OWID_WRL,86.17,13.83,India,IND,20.61
1972,World,OWID_WRL,86.17,13.83,Bangladesh,BGD,22.2
1972,World,OWID_WRL,86.17,13.83,Australia,AUS,2.02
1972,World,OWID_WRL,86.17,13.83,Afghanistan,AFG,29.9
1972,World,OWID_WRL,86.17,13.83,China,CHN,10.21
1973,World,OWID_WRL,86.49,13.51,Bangladesh,BGD,22.07
1973,World,OWID_WRL,86.49,13.51,India,IND,20.22
1973,World,OWID_WRL,86.49,13.51,Afghanistan,AFG,29.4
1973,World,OWID_WRL,86.49,13.51,Russia,RUS,3.92
1973,World,OWID_WRL,86.49,13.51,Pakistan,PAK,17.77
1973,World,OWID_WRL,86.49,13.51,China,CHN,9.65
1973,World,OWID_WRL,86.49,13.51,Sri Lanka,LKA,6.71
1973,World,OWID_WRL,86.49,13.51,Australia,AUS,1.93
1974,World,OWID_WRL,86.8,13.2,Bangladesh,BGD,21.91
1974,World,OWID_WRL,86.8,13.2,India,IND,19.79
1974,World,OWID_WRL,86.8,13.2,Pakistan,PAK,17.46
1974,World,OWID_WRL,86.8,13.2,Russia,RUS,3.77
1974,World,OWID_WRL,86.8,13.2,Sri Lanka,LKA,6.55
1974,World,OWID_WRL,86.8,13.2,Australia,AUS,1.84
1974,World,OWID_WRL,86.8,13.2,Afghanistan,AFG,28.88
1974,World,OWID_WRL,86.8,13.2,China,CHN,9.09
1975,World,OWID_WRL,87.06,12.94,Afghanistan,AFG,28.36
1975,World,OWID_WRL,87.06,12.94,Russia,RUS,3.66
1975,World,OWID_WRL,87.06,12.94,India,IND,19.34
1975,World,OWID_WRL,87.06,12.94,China,CHN,8.52
1975,World,OWID_WRL,87.06,12.94,Bangladesh,BGD,21.71
1975,World,OWID_WRL,87.06,12.94,Australia,AUS,1.73
1975,World,OWID_WRL,87.06,12.94,Pakistan,PAK,17.2
1975,World,OWID_WRL,87.06,12.94,Sri Lanka,LKA,6.36
1976,World,OWID_WRL,87.34,12.66,Pakistan,PAK,16.96
1976,World,OWID_WRL,87.34,12.66,Russia,RUS,3.56
1976,World,OWID_WRL,87.34,12.66,Bangladesh,BGD,21.45
1976,World,OWID_WRL,87.34,12.66,Sri Lanka,LKA,6.14
1976,World,OWID_WRL,87.34,12.66,China,CHN,7.98
1976,World,OWID_WRL,87.34,12.66,Afghanistan,AFG,27.8
1976,World,OWID_WRL,87.34,12.66,India,IND,18.86
1976,World,OWID_WRL,87.34,12.66,Australia,AUS,1.62
1977,World,OWID_WRL,87.61,12.39,Bangladesh,BGD,21.12
1977,World,OWID_WRL,87.61,12.39,China,CHN,7.46
1977,World,OWID_WRL,87.61,12.39,India,IND,18.34
1977,World,OWID_WRL,87.61,12.39,Afghanistan,AFG,27.27
1977,World,OWID_WRL,87.61,12.39,Russia,RUS,3.48
1977,World,OWID_WRL,87.61,12.39,Pakistan,PAK,16.73
1977,World,OWID_WRL,87.61,12.39,Australia,AUS,1.53
1977,World,OWID_WRL,87.61,12.39,Sri Lanka,LKA,5.89
1978,World,OWID_WRL,87.86,12.14,China,CHN,7
1978,World,OWID_WRL,87.86,12.14,Russia,RUS,3.42
1978,World,OWID_WRL,87.86,12.14,India,IND,17.82
1978,World,OWID_WRL,87.86,12.14,Afghanistan,AFG,26.7
1978,World,OWID_WRL,87.86,12.14,Australia,AUS,1.44
1978,World,OWID_WRL,87.86,12.14,Bangladesh,BGD,20.74
1978,World,OWID_WRL,87.86,12.14,Pakistan,PAK,16.53
1978,World,OWID_WRL,87.86,12.14,Sri Lanka,LKA,5.61
1979,World,OWID_WRL,88.1,11.9,China,CHN,6.59
1979,World,OWID_WRL,88.1,11.9,India,IND,17.28
1979,World,OWID_WRL,88.1,11.9,Australia,AUS,1.36
1979,World,OWID_WRL,88.1,11.9,Russia,RUS,3.36
1979,World,OWID_WRL,88.1,11.9,Pakistan,PAK,16.34
1979,World,OWID_WRL,88.1,11.9,Bangladesh,BGD,20.33
1979,World,OWID_WRL,88.1,11.9,Afghanistan,AFG,26.09
1979,World,OWID_WRL,88.1,11.9,Sri Lanka,LKA,5.31
1980,World,OWID_WRL,88.36,11.64,China,CHN,6.24
1980,World,OWID_WRL,88.36,11.64,India,IND,16.76
1980,World,OWID_WRL,88.36,11.64,Australia,AUS,1.3
1980,World,OWID_WRL,88.36,11.64,Bangladesh,BGD,19.89
1980,World,OWID_WRL,88.36,11.64,Russia,RUS,3.3
1980,World,OWID_WRL,88.36,11.64,Pakistan,PAK,16.15
1980,World,OWID_WRL,88.36,11.64,Sri Lanka,LKA,4.98
1980,World,OWID_WRL,88.36,11.64,Afghanistan,AFG,25.5
1981,World,OWID_WRL,88.67,11.33,Australia,AUS,1.26
1981,World,OWID_WRL,88.67,11.33,Russia,RUS,3.25
1981,World,OWID_WRL,88.67,11.33,India,IND,16.26
1981,World,OWID_WRL,88.67,11.33,Sri Lanka,LKA,4.62
1981,World,OWID_WRL,88.67,11.33,China,CHN,5.96
1981,World,OWID_WRL,88.67,11.33,Pakistan,PAK,15.96
1981,World,OWID_WRL,88.67,11.33,Bangladesh,BGD,19.42
1981,World,OWID_WRL,88.67,11.33,Afghanistan,AFG,24.87
1982,World,OWID_WRL,88.97,11.03,Australia,AUS,1.22
1982,World,OWID_WRL,88.97,11.03,Sri Lanka,LKA,4.23
1982,World,OWID_WRL,88.97,11.03,Russia,RUS,3.19
1982,World,OWID_WRL,88.97,11.03,India,IND,15.79
1982,World,OWID_WRL,88.97,11.03,Afghanistan,AFG,24.21
1982,World,OWID_WRL,88.97,11.03,China,CHN,5.74
1982,World,OWID_WRL,88.97,11.03,Pakistan,PAK,15.77
1982,World,OWID_WRL,88.97,11.03,Bangladesh,BGD,18.94
1983,World,OWID_WRL,89.27,10.73,China,CHN,5.57
1983,World,OWID_WRL,89.27,10.73,India,IND,15.35
1983,World,OWID_WRL,89.27,10.73,Bangladesh,BGD,18.44
1983,World,OWID_WRL,89.27,10.73,Russia,RUS,3.13
1983,World,OWID_WRL,89.27,10.73,Pakistan,PAK,15.56
1983,World,OWID_WRL,89.27,10.73,Australia,AUS,1.19
1983,World,OWID_WRL,89.27,10.73,Afghanistan,AFG,23.51
1983,World,OWID_WRL,89.27,10.73,Sri Lanka,LKA,3.83
1984,World,OWID_WRL,89.59,10.41,Bangladesh,BGD,17.91
1984,World,OWID_WRL,89.59,10.41,Russia,RUS,3.07
1984,World,OWID_WRL,89.59,10.41,Australia,AUS,1.16
1984,World,OWID_WRL,89.59,10.41,Afghanistan,AFG,22.75
1984,World,OWID_WRL,89.59,10.41,China,CHN,5.46
1984,World,OWID_WRL,89.59,10.41,India,IND,14.92
1984,World,OWID_WRL,89.59,10.41,Sri Lanka,LKA,3.42
1984,World,OWID_WRL,89.59,10.41,Pakistan,PAK,15.34
1985,World,OWID_WRL,89.88,10.12,Australia,AUS,1.13
1985,World,OWID_WRL,89.88,10.12,Bangladesh,BGD,17.35
1985,World,OWID_WRL,89.88,10.12,India,IND,14.52
1985,World,OWID_WRL,89.88,10.12,Sri Lanka,LKA,3.03
1985,World,OWID_WRL,89.88,10.12,Afghanistan,AFG,21.96
1985,World,OWID_WRL,89.88,10.12,China,CHN,5.4
1985,World,OWID_WRL,89.88,10.12,Pakistan,PAK,15.11
1985,World,OWID_WRL,89.88,10.12,Russia,RUS,3
1986,World,OWID_WRL,90.14,9.86,India,IND,14.12
1986,World,OWID_WRL,90.14,9.86,Australia,AUS,1.1
1986,World,OWID_WRL,90.14,9.86,Bangladesh,BGD,16.77
1986,World,OWID_WRL,90.14,9.86,Pakistan,PAK,14.87
1986,World,OWID_WRL,90.14,9.86,Sri Lanka,LKA,2.69
1986,World,OWID_WRL,90.14,9.86,Afghanistan,AFG,21.13
1986,World,OWID_WRL,90.14,9.86,Russia,RUS,2.91
1986,World,OWID_WRL,90.14,9.86,China,CHN,5.37
1987,World,OWID_WRL,90.38,9.62,Pakistan,PAK,14.62
1987,World,OWID_WRL,90.38,9.62,Australia,AUS,1.06
1987,World,OWID_WRL,90.38,9.62,Bangladesh,BGD,16.18
1987,World,OWID_WRL,90.38,9.62,Russia,RUS,2.81
1987,World,OWID_WRL,90.38,9.62,India,IND,13.73
1987,World,OWID_WRL,90.38,9.62,Sri Lanka,LKA,2.42
1987,World,OWID_WRL,90.38,9.62,Afghanistan,AFG,20.33
1987,World,OWID_WRL,90.38,9.62,China,CHN,5.37
1988,World,OWID_WRL,90.6,9.4,Pakistan,PAK,14.36
1988,World,OWID_WRL,90.6,9.4,Russia,RUS,2.72
1988,World,OWID_WRL,90.6,9.4,Sri Lanka,LKA,2.25
1988,World,OWID_WRL,90.6,9.4,Bangladesh,BGD,15.58
1988,World,OWID_WRL,90.6,9.4,Australia,AUS,1.02
1988,World,OWID_WRL,90.6,9.4,China,CHN,5.39
1988,World,OWID_WRL,90.6,9.4,India,IND,13.34
1988,World,OWID_WRL,90.6,9.4,Afghanistan,AFG,19.5
1989,World,OWID_WRL,90.79,9.21,Sri Lanka,LKA,2.15
1989,World,OWID_WRL,90.79,9.21,Australia,AUS,0.97
1989,World,OWID_WRL,90.79,9.21,Russia,RUS,2.64
1989,World,OWID_WRL,90.79,9.21,Pakistan,PAK,14.11
1989,World,OWID_WRL,90.79,9.21,Afghanistan,AFG,18.69
1989,World,OWID_WRL,90.79,9.21,Bangladesh,BGD,14.97
1989,World,OWID_WRL,90.79,9.21,China,CHN,5.4
1989,World,OWID_WRL,90.79,9.21,India,IND,12.95
1990,World,OWID_WRL,90.94,9.06,Sri Lanka,LKA,2.12
1990,World,OWID_WRL,90.94,9.06,Pakistan,PAK,13.86
1990,World,OWID_WRL,90.94,9.06,Bangladesh,BGD,14.37
1990,World,OWID_WRL,90.94,9.06,China,CHN,5.38
1990,World,OWID_WRL,90.94,9.06,India,IND,12.58
1990,World,OWID_WRL,90.94,9.06,Russia,RUS,2.6
1990,World,OWID_WRL,90.94,9.06,Australia,AUS,0.92
1990,World,OWID_WRL,90.94,9.06,Afghanistan,AFG,17.91
1991,World,OWID_WRL,91.08,8.92,China,CHN,5.33
1991,World,OWID_WRL,91.08,8.92,Australia,AUS,0.86
1991,World,OWID_WRL,91.08,8.92,Russia,RUS,2.59
1991,World,OWID_WRL,91.08,8.92,India,IND,12.22
1991,World,OWID_WRL,91.08,8.92,Afghanistan,AFG,17.15
1991,World,OWID_WRL,91.08,8.92,Sri Lanka,LKA,2.13
1991,World,OWID_WRL,91.08,8.92,Pakistan,PAK,13.6
1991,World,OWID_WRL,91.08,8.92,Bangladesh,BGD,13.77
1992,World,OWID_WRL,91.18,8.82,China,CHN,5.24
1992,World,OWID_WRL,91.18,8.82,Afghanistan,AFG,16.46
1992,World,OWID_WRL,91.18,8.82,Pakistan,PAK,13.35
1992,World,OWID_WRL,91.18,8.82,Australia,AUS,0.81
1992,World,OWID_WRL,91.18,8.82,Russia,RUS,2.61
1992,World,OWID_WRL,91.18,8.82,Sri Lanka,LKA,2.13
1992,World,OWID_WRL,91.18,8.82,Bangladesh,BGD,13.17
1992,World,OWID_WRL,91.18,8.82,India,IND,11.88
1993,World,OWID_WRL,91.27,8.73,China,CHN,5.1
1993,World,OWID_WRL,91.27,8.73,India,IND,11.54
1993,World,OWID_WRL,91.27,8.73,Pakistan,PAK,13.1
1993,World,OWID_WRL,91.27,8.73,Afghanistan,AFG,15.84
1993,World,OWID_WRL,91.27,8.73,Russia,RUS,2.63
1993,World,OWID_WRL,91.27,8.73,Sri Lanka,LKA,2.11
1993,World,OWID_WRL,91.27,8.73,Australia,AUS,0.77
1993,World,OWID_WRL,91.27,8.73,Bangladesh,BGD,12.58
1994,World,OWID_WRL,91.35,8.65,Russia,RUS,2.64
1994,World,OWID_WRL,91.35,8.65,India,IND,11.21
1994,World,OWID_WRL,91.35,8.65,Afghanistan,AFG,15.33
1994,World,OWID_WRL,91.35,8.65,Australia,AUS,0.73
1994,World,OWID_WRL,91.35,8.65,China,CHN,4.93
1994,World,OWID_WRL,91.35,8.65,Sri Lanka,LKA,2.07
1994,World,OWID_WRL,91.35,8.65,Bangladesh,BGD,11.99
1994,World,OWID_WRL,91.35,8.65,Pakistan,PAK,12.83
1995,World,OWID_WRL,91.47,8.53,India,IND,10.87
1995,World,OWID_WRL,91.47,8.53,China,CHN,4.75
1995,World,OWID_WRL,91.47,8.53,Russia,RUS,2.64
1995,World,OWID_WRL,91.47,8.53,Australia,AUS,0.7
1995,World,OWID_WRL,91.47,8.53,Bangladesh,BGD,11.42
1995,World,OWID_WRL,91.47,8.53,Pakistan,PAK,12.57
1995,World,OWID_WRL,91.47,8.53,Afghanistan,AFG,14.91
1995,World,OWID_WRL,91.47,8.53,Sri Lanka,LKA,2.02
1996,World,OWID_WRL,91.6,8.4,India,IND,10.53
1996,World,OWID_WRL,91.6,8.4,Bangladesh,BGD,10.86
1996,World,OWID_WRL,91.6,8.4,Pakistan,PAK,12.3
1996,World,OWID_WRL,91.6,8.4,Russia,RUS,2.6
1996,World,OWID_WRL,91.6,8.4,Australia,AUS,0.68
1996,World,OWID_WRL,91.6,8.4,China,CHN,4.56
1996,World,OWID_WRL,91.6,8.4,Afghanistan,AFG,14.57
1996,World,OWID_WRL,91.6,8.4,Sri Lanka,LKA,1.95
1997,World,OWID_WRL,91.75,8.25,India,IND,10.19
1997,World,OWID_WRL,91.75,8.25,Australia,AUS,0.66
1997,World,OWID_WRL,91.75,8.25,Bangladesh,BGD,10.32
1997,World,OWID_WRL,91.75,8.25,Pakistan,PAK,12.03
1997,World,OWID_WRL,91.75,8.25,Russia,RUS,2.56
1997,World,OWID_WRL,91.75,8.25,Sri Lanka,LKA,1.87
1997,World,OWID_WRL,91.75,8.25,Afghanistan,AFG,14.3
1997,World,OWID_WRL,91.75,8.25,China,CHN,4.36
1998,World,OWID_WRL,91.94,8.06,Russia,RUS,2.5
1998,World,OWID_WRL,91.94,8.06,India,IND,9.83
1998,World,OWID_WRL,91.94,8.06,Afghanistan,AFG,14.06
1998,World,OWID_WRL,91.94,8.06,Australia,AUS,0.65
1998,World,OWID_WRL,91.94,8.06,Bangladesh,BGD,9.79
1998,World,OWID_WRL,91.94,8.06,China,CHN,4.15
1998,World,OWID_WRL,91.94,8.06,Sri Lanka,LKA,1.79
1998,World,OWID_WRL,91.94,8.06,Pakistan,PAK,11.76
1999,World,OWID_WRL,92.17,7.83,Australia,AUS,0.64
1999,World,OWID_WRL,92.17,7.83,Pakistan,PAK,11.49
1999,World,OWID_WRL,92.17,7.83,Afghanistan,AFG,13.82
1999,World,OWID_WRL,92.17,7.83,Russia,RUS,2.42
1999,World,OWID_WRL,92.17,7.83,Bangladesh,BGD,9.28
1999,World,OWID_WRL,92.17,7.83,India,IND,9.48
1999,World,OWID_WRL,92.17,7.83,Sri Lanka,LKA,1.7
1999,World,OWID_WRL,92.17,7.83,China,CHN,3.93
2000,World,OWID_WRL,92.41,7.59,Pakistan,PAK,11.23
2000,World,OWID_WRL,92.41,7.59,Australia,AUS,0.62
2000,World,OWID_WRL,92.41,7.59,Russia,RUS,2.32
2000,World,OWID_WRL,92.41,7.59,Afghanistan,AFG,13.56
2000,World,OWID_WRL,92.41,7.59,Sri Lanka,LKA,1.63
2000,World,OWID_WRL,92.41,7.59,India,IND,9.12
2000,World,OWID_WRL,92.41,7.59,China,CHN,3.69
2000,World,OWID_WRL,92.41,7.59,Bangladesh,BGD,8.8
2001,World,OWID_WRL,92.66,7.34,Russia,RUS,2.2
2001,World,OWID_WRL,92.66,7.34,Pakistan,PAK,10.98
2001,World,OWID_WRL,92.66,7.34,Australia,AUS,0.61
2001,World,OWID_WRL,92.66,7.34,China,CHN,3.43
2001,World,OWID_WRL,92.66,7.34,India,IND,8.77
2001,World,OWID_WRL,92.66,7.34,Afghanistan,AFG,13.27
2001,World,OWID_WRL,92.66,7.34,Bangladesh,BGD,8.35
2001,World,OWID_WRL,92.66,7.34,Sri Lanka,LKA,1.58
2002,World,OWID_WRL,92.93,7.07,Australia,AUS,0.6
2002,World,OWID_WRL,92.93,7.07,Sri Lanka,LKA,1.54
2002,World,OWID_WRL,92.93,7.07,Afghanistan,AFG,12.94
2002,World,OWID_WRL,92.93,7.07,Bangladesh,BGD,7.9
2002,World,OWID_WRL,92.93,7.07,China,CHN,3.16
2002,World,OWID_WRL,92.93,7.07,Pakistan,PAK,10.75
2002,World,OWID_WRL,92.93,7.07,India,IND,8.43
2002,World,OWID_WRL,92.93,7.07,Russia,RUS,2.07
2003,World,OWID_WRL,93.21,6.79,China,CHN,2.89
2003,World,OWID_WRL,93.21,6.79,Bangladesh,BGD,7.48
2003,World,OWID_WRL,93.21,6.79,Pakistan,PAK,10.53
2003,World,OWID_WRL,93.21,6.79,Australia,AUS,0.6
2003,World,OWID_WRL,93.21,6.79,Sri Lanka,LKA,1.51
2003,World,OWID_WRL,93.21,6.79,Afghanistan,AFG,12.59
2003,World,OWID_WRL,93.21,6.79,Russia,RUS,1.93
2003,World,OWID_WRL,93.21,6.79,India,IND,8.1
2004,World,OWID_WRL,93.45,6.55,Bangladesh,BGD,7.07
2004,World,OWID_WRL,93.45,6.55,Pakistan,PAK,10.32
2004,World,OWID_WRL,93.45,6.55,China,CHN,2.63
2004,World,OWID_WRL,93.45,6.55,Sri Lanka,LKA,2.89
2004,World,OWID_WRL,93.45,6.55,Australia,AUS,0.59
2004,World,OWID_WRL,93.45,6.55,India,IND,7.77
2004,World,OWID_WRL,93.45,6.55,Afghanistan,AFG,12.24
2004,World,OWID_WRL,93.45,6.55,Russia,RUS,1.8
2005,World,OWID_WRL,93.74,6.26,China,CHN,2.4
2005,World,OWID_WRL,93.74,6.26,Russia,RUS,1.67
2005,World,OWID_WRL,93.74,6.26,India,IND,7.46
2005,World,OWID_WRL,93.74,6.26,Sri Lanka,LKA,1.4
2005,World,OWID_WRL,93.74,6.26,Pakistan,PAK,10.12
2005,World,OWID_WRL,93.74,6.26,Australia,AUS,0.57
2005,World,OWID_WRL,93.74,6.26,Afghanistan,AFG,11.9
2005,World,OWID_WRL,93.74,6.26,Bangladesh,BGD,6.68
2006,World,OWID_WRL,93.99,6.01,Russia,RUS,1.55
2006,World,OWID_WRL,93.99,6.01,India,IND,7.15
2006,World,OWID_WRL,93.99,6.01,Sri Lanka,LKA,1.32
2006,World,OWID_WRL,93.99,6.01,Australia,AUS,0.56
2006,World,OWID_WRL,93.99,6.01,China,CHN,2.19
2006,World,OWID_WRL,93.99,6.01,Pakistan,PAK,9.93
2006,World,OWID_WRL,93.99,6.01,Afghanistan,AFG,11.58
2006,World,OWID_WRL,93.99,6.01,Bangladesh,BGD,6.3
2007,World,OWID_WRL,94.22,5.78,Russia,RUS,1.44
2007,World,OWID_WRL,94.22,5.78,India,IND,6.85
2007,World,OWID_WRL,94.22,5.78,China,CHN,2.01
2007,World,OWID_WRL,94.22,5.78,Sri Lanka,LKA,1.25
2007,World,OWID_WRL,94.22,5.78,Pakistan,PAK,9.74
2007,World,OWID_WRL,94.22,5.78,Bangladesh,BGD,5.94
2007,World,OWID_WRL,94.22,5.78,Afghanistan,AFG,11.29
2007,World,OWID_WRL,94.22,5.78,Australia,AUS,0.54
2008,World,OWID_WRL,94.42,5.58,China,CHN,1.85
2008,World,OWID_WRL,94.42,5.58,India,IND,6.56
2008,World,OWID_WRL,94.42,5.58,Bangladesh,BGD,5.59
2008,World,OWID_WRL,94.42,5.58,Russia,RUS,1.35
2008,World,OWID_WRL,94.42,5.58,Pakistan,PAK,9.55
2008,World,OWID_WRL,94.42,5.58,Afghanistan,AFG,11.02
2008,World,OWID_WRL,94.42,5.58,Sri Lanka,LKA,1.18
2008,World,OWID_WRL,94.42,5.58,Australia,AUS,0.52
2009,World,OWID_WRL,94.65,5.35,Australia,AUS,0.5
2009,World,OWID_WRL,94.65,5.35,Bangladesh,BGD,5.26
2009,World,OWID_WRL,94.65,5.35,India,IND,6.27
2009,World,OWID_WRL,94.65,5.35,Afghanistan,AFG,10.77
2009,World,OWID_WRL,94.65,5.35,Russia,RUS,1.27
2009,World,OWID_WRL,94.65,5.35,Pakistan,PAK,9.37
2009,World,OWID_WRL,94.65,5.35,Sri Lanka,LKA,1.13
2009,World,OWID_WRL,94.65,5.35,China,CHN,1.7
2010,World,OWID_WRL,94.83,5.17,Australia,AUS,0.48
2010,World,OWID_WRL,94.83,5.17,India,IND,5.99
2010,World,OWID_WRL,94.83,5.17,Sri Lanka,LKA,1.09
2010,World,OWID_WRL,94.83,5.17,Bangladesh,BGD,4.96
2010,World,OWID_WRL,94.83,5.17,Pakistan,PAK,9.18
2010,World,OWID_WRL,94.83,5.17,Afghanistan,AFG,10.52
2010,World,OWID_WRL,94.83,5.17,China,CHN,1.57
2010,World,OWID_WRL,94.83,5.17,Russia,RUS,1.2
2011,World,OWID_WRL,95.06,4.94,Australia,AUS,0.45
2011,World,OWID_WRL,95.06,4.94,India,IND,5.72
2011,World,OWID_WRL,95.06,4.94,Sri Lanka,LKA,1.06
2011,World,OWID_WRL,95.06,4.94,Russia,RUS,1.14
2011,World,OWID_WRL,95.06,4.94,Pakistan,PAK,8.99
2011,World,OWID_WRL,95.06,4.94,Bangladesh,BGD,4.67
2011,World,OWID_WRL,95.06,4.94,China,CHN,1.45
2011,World,OWID_WRL,95.06,4.94,Afghanistan,AFG,10.26
2012,World,OWID_WRL,95.26,4.74,Russia,RUS,1.08
2012,World,OWID_WRL,95.26,4.74,Bangladesh,BGD,4.4
2012,World,OWID_WRL,95.26,4.74,Pakistan,PAK,8.78
2012,World,OWID_WRL,95.26,4.74,Afghanistan,AFG,10
2012,World,OWID_WRL,95.26,4.74,China,CHN,1.34
2012,World,OWID_WRL,95.26,4.74,India,IND,5.45
2012,World,OWID_WRL,95.26,4.74,Australia,AUS,0.43
2012,World,OWID_WRL,95.26,4.74,Sri Lanka,LKA,1.04
2013,World,OWID_WRL,95.44,4.56,India,IND,5.21
2013,World,OWID_WRL,95.44,4.56,Russia,RUS,1.04
2013,World,OWID_WRL,95.44,4.56,Australia,AUS,0.41
2013,World,OWID_WRL,95.44,4.56,Pakistan,PAK,8.56
2013,World,OWID_WRL,95.44,4.56,Bangladesh,BGD,4.16
2013,World,OWID_WRL,95.44,4.56,Sri Lanka,LKA,1.02
2013,World,OWID_WRL,95.44,4.56,Afghanistan,AFG,9.73
2013,World,OWID_WRL,95.44,4.56,China,CHN,1.23
2014,World,OWID_WRL,95.61,4.39,Pakistan,PAK,8.33
2014,World,OWID_WRL,95.61,4.39,Bangladesh,BGD,3.95
2014,World,OWID_WRL,95.61,4.39,Russia,RUS,0.99
2014,World,OWID_WRL,95.61,4.39,Australia,AUS,0.39
2014,World,OWID_WRL,95.61,4.39,China,CHN,1.14
2014,World,OWID_WRL,95.61,4.39,Afghanistan,AFG,9.39
2014,World,OWID_WRL,95.61,4.39,Sri Lanka,LKA,1
2014,World,OWID_WRL,95.61,4.39,India,IND,4.98
2015,World,OWID_WRL,95.75,4.25,India,IND,4.77
2015,World,OWID_WRL,95.75,4.25,China,CHN,1.07
2015,World,OWID_WRL,95.75,4.25,Russia,RUS,0.96
2015,World,OWID_WRL,95.75,4.25,Bangladesh,BGD,3.76
2015,World,OWID_WRL,95.75,4.25,Australia,AUS,0.38
2015,World,OWID_WRL,95.75,4.25,Pakistan,PAK,8.11
2015,World,OWID_WRL,95.75,4.25,Afghanistan,AFG,9.11
2015,World,OWID_WRL,95.75,4.25,Sri Lanka,LKA,0.98
